{
  "zero_shot": {
    "zero_shot_loss": 2.443466796875,
    "zero_shot_accuracy": 0.196933337431401,
    "zero_shot_loss_std": 0.16256571072022363,
    "zero_shot_accuracy_std": 0.055034698622511286
  },
  "no_meta_learning": {
    "baseline_no_meta_loss": NaN,
    "baseline_no_meta_accuracy": 0.20000000298023224,
    "baseline_no_meta_loss_std": NaN,
    "baseline_no_meta_accuracy_std": 0.0
  }
}