{
  "zero_shot": {
    "zero_shot_loss": 2.188818359375,
    "zero_shot_accuracy": 0.19933333680033682,
    "zero_shot_loss_std": 0.16441614455565381,
    "zero_shot_accuracy_std": 0.03983856516710356
  },
  "no_meta_learning": {
    "baseline_no_meta_loss": NaN,
    "baseline_no_meta_accuracy": 0.20000000298023224,
    "baseline_no_meta_loss_std": NaN,
    "baseline_no_meta_accuracy_std": 0.0
  }
}