{
  "zero_shot": {
    "zero_shot_loss": 1.7873275649547578,
    "zero_shot_accuracy": 0.20573333859443665,
    "zero_shot_loss_std": 0.10017647890712186,
    "zero_shot_accuracy_std": 0.055273222845950744
  },
  "no_meta_learning": {
    "baseline_no_meta_loss": 1.4979747402668,
    "baseline_no_meta_accuracy": 0.3576000089943409,
    "baseline_no_meta_loss_std": 0.08818128512754847,
    "baseline_no_meta_accuracy_std": 0.08534125391458683
  }
}