{
  "zero_shot": {
    "zero_shot_loss": 1.7356365132331848,
    "zero_shot_accuracy": 0.19973333731293677,
    "zero_shot_loss_std": 0.08702642586977687,
    "zero_shot_accuracy_std": 0.06001422130775576
  },
  "no_meta_learning": {
    "baseline_no_meta_loss": 1.5085223710536957,
    "baseline_no_meta_accuracy": 0.372533341050148,
    "baseline_no_meta_loss_std": 0.08445027865655198,
    "baseline_no_meta_accuracy_std": 0.08105570254588512
  }
}