{
  "zero_shot": {
    "zero_shot_loss": 1.7461096692085265,
    "zero_shot_accuracy": 0.18920000314712523,
    "zero_shot_loss_std": 0.0729961690207929,
    "zero_shot_accuracy_std": 0.046750213263031776
  },
  "no_meta_learning": {
    "baseline_no_meta_loss": 1.5034210634231568,
    "baseline_no_meta_accuracy": 0.36266667559742927,
    "baseline_no_meta_loss_std": 0.0738007528462896,
    "baseline_no_meta_accuracy_std": 0.07414100677817177
  }
}