{
  "zero_shot": {
    "zero_shot_loss": 1.8987667381763458,
    "zero_shot_accuracy": 0.20600000396370888,
    "zero_shot_loss_std": 0.086825857490557,
    "zero_shot_accuracy_std": 0.025811285140939885
  },
  "no_meta_learning": {
    "baseline_no_meta_loss": 1.823819625377655,
    "baseline_no_meta_accuracy": 0.21533333510160446,
    "baseline_no_meta_loss_std": 0.09421146558861239,
    "baseline_no_meta_accuracy_std": 0.046432745208779005
  }
}