{
  "A": 1.30649932872844,
  "beta": -0.06834093046325748,
  "R_squared": -Infinity,
  "formula": "Loss = 1.306499 * N_tasks^(--0.068341)"
}