{
  "zero_shot": {
    "zero_shot_loss": 2.00279296875,
    "zero_shot_accuracy": 0.19800000421702862,
    "zero_shot_loss_std": 0.186196181951236,
    "zero_shot_accuracy_std": 0.07245228400190344
  },
  "no_meta_learning": {
    "baseline_no_meta_loss": NaN,
    "baseline_no_meta_accuracy": 0.20000000298023224,
    "baseline_no_meta_loss_std": NaN,
    "baseline_no_meta_accuracy_std": 0.0
  }
}