{
  "zero_shot": {
    "zero_shot_loss": 2.359619140625,
    "zero_shot_accuracy": 0.20520000353455545,
    "zero_shot_loss_std": 0.20763043337148346,
    "zero_shot_accuracy_std": 0.04556392470492489
  },
  "no_meta_learning": {
    "baseline_no_meta_loss": NaN,
    "baseline_no_meta_accuracy": 0.20000000298023224,
    "baseline_no_meta_loss_std": NaN,
    "baseline_no_meta_accuracy_std": 0.0
  }
}