{
  "zero_shot": {
    "zero_shot_loss": 2.158857421875,
    "zero_shot_accuracy": 0.19613333612680436,
    "zero_shot_loss_std": 0.18042451681395077,
    "zero_shot_accuracy_std": 0.04362649610421241
  },
  "no_meta_learning": {
    "baseline_no_meta_loss": NaN,
    "baseline_no_meta_accuracy": 0.20000000298023224,
    "baseline_no_meta_loss_std": NaN,
    "baseline_no_meta_accuracy_std": 0.0
  }
}