{
  "zero_shot": {
    "zero_shot_loss": 1.8077614998817444,
    "zero_shot_accuracy": 0.1924000034481287,
    "zero_shot_loss_std": 0.08718659526199184,
    "zero_shot_accuracy_std": 0.0624323285122781
  },
  "no_meta_learning": {
    "baseline_no_meta_loss": 1.526844836473465,
    "baseline_no_meta_accuracy": 0.3514666745066643,
    "baseline_no_meta_loss_std": 0.09328884438834904,
    "baseline_no_meta_accuracy_std": 0.07907285233915637
  }
}