{
  "n_tasks": 50,
  "seed_train": 100,
  "final_meta_test_loss": 1.706940495967865,
  "final_meta_test_accuracy": 0.20733333602547646,
  "final_meta_test_loss_std": 0.07170342826265934,
  "final_meta_test_accuracy_std": 0.054564944779098554,
  "k_steps_analysis": {
    "k_1": {
      "loss": 1.7307617306709289,
      "accuracy": 0.19733333662152291,
      "loss_std": 0.07362167361713846,
      "accuracy_std": 0.0750229609144585
    },
    "k_3": {
      "loss": 1.7085456013679505,
      "accuracy": 0.21333333626389503,
      "loss_std": 0.0720694794129204,
      "accuracy_std": 0.05932958841247858
    },
    "k_5": {
      "loss": 1.7009817004203795,
      "accuracy": 0.20733333602547646,
      "loss_std": 0.06704320694305237,
      "accuracy_std": 0.05257375784578247
    },
    "k_10": {
      "loss": 1.6493778824806213,
      "accuracy": 0.2420000061392784,
      "loss_std": 0.07055125699458703,
      "accuracy_std": 0.059370777031036596
    },
    "k_20": {
      "loss": 1.5533640146255494,
      "accuracy": 0.32266667261719706,
      "loss_std": 0.08038699191325327,
      "accuracy_std": 0.07561305316477462
    }
  },
  "save_dir": "./results_debug/ntasks_50_seed_100"
}