meta_test_loss,meta_test_accuracy,meta_test_loss_std,meta_test_accuracy_std,step
1.7134538173675538,0.19600000381469726,0.08442177100888877,0.057209167979116966,10
1.7148533105850219,0.22933333963155747,0.07907515108580523,0.06845598947402003,20
1.690843641757965,0.23466667234897615,0.07597698218358487,0.0849993491621597,30
1.7084070682525634,0.22266667187213898,0.06239353422738617,0.06747509836431048,40
1.7271526217460633,0.17866666838526726,0.08002247953316509,0.061737795799658865,50
