{
  "zero_shot": {
    "zero_shot_loss": 1.8674129831790924,
    "zero_shot_accuracy": 0.20946667082607745,
    "zero_shot_loss_std": 0.07787990768579256,
    "zero_shot_accuracy_std": 0.05772871556054542
  },
  "no_meta_learning": {
    "baseline_no_meta_loss": 1.5248807549476624,
    "baseline_no_meta_accuracy": 0.3509333419799805,
    "baseline_no_meta_loss_std": 0.07962335124250806,
    "baseline_no_meta_accuracy_std": 0.07339101052901864
  }
}